{"columns":["Open","High","Low","Close","Volume","Dividends","Stock Splits"],"index":[1779940800000,1780027200000,1780286400000,1780372800000,1780459200000,1780545600000,1780632000000,1780891200000,1780977600000,1781064000000,1781150400000,1781236800000,1781496000000,1781582400000,1781668800000,1781755200000,1782100800000,1782187200000,1782273600000,1782360000000,1782446400000,1782705600000,1782792000000,1782878400000,1782964800000,1783051200000],"data":[[99.2699966431,99.5400009155,98.9499969482,99.0199966431,0,0.0,0.0],[99.0,99.1900024414,98.75,98.9100036621,0,0.0,0.0],[98.9599990845,99.3899993896,98.9199981689,99.1999969482,0,0.0,0.0],[99.1699981689,99.3300018311,99.0500030518,99.2200012207,0,0.0,0.0],[99.2900009155,99.5500030518,99.1900024414,99.5299987793,0,0.0,0.0],[99.4599990845,99.5299987793,99.1800003052,99.4100036621,0,0.0,0.0],[99.4300003052,100.1100006104,99.1600036621,100.0699996948,0,0.0,0.0],[100.1500015259,100.2099990845,99.8199996948,100.0500030518,0,0.0,0.0],[100.0299987793,100.0800018311,99.6800003052,99.9100036621,0,0.0,0.0],[100.0100021362,100.0500030518,99.7200012207,99.9499969482,0,0.0,0.0],[100.1200027466,100.3099975586,99.5899963379,99.8600006104,0,0.0,0.0],[99.6699981689,99.9100036621,99.6399993896,99.75,0,0.0,0.0],[99.5400009155,99.7099990845,99.3799972534,99.6299972534,0,0.0,0.0],[99.6399993896,99.7900009155,99.4599990845,99.5400009155,0,0.0,0.0],[99.5199966431,100.5699996948,99.4899978638,100.0899963379,0,0.0,0.0],[100.3399963379,100.9199981689,100.2099990845,100.8499984741,0,0.0,0.0],[100.8399963379,101.0800018311,100.7600021362,101.0199966431,0,0.0,0.0],[101.0100021362,101.4300003052,100.9499969482,101.4100036621,0,0.0,0.0],[101.3700027466,101.8000030518,101.3600006104,101.6100006104,0,0.0,0.0],[101.5999984741,101.75,101.3099975586,101.4300003052,0,0.0,0.0],[101.5,101.5699996948,101.0500030518,101.3600006104,0,0.0,0.0],[101.3700027466,101.3899993896,101.0699996948,101.1100006104,0,0.0,0.0],[101.1200027466,101.4300003052,101.0500030518,101.1900024414,0,0.0,0.0],[101.2200012207,101.5999984741,101.1900024414,101.3899993896,0,0.0,0.0],[101.4000015259,101.4300003052,100.5599975586,100.8600006104,0,0.0,0.0],[100.9130020142,100.9919967651,100.6029968262,100.8570022583,0,0.0,0.0]]}