{"columns":["Open","High","Low","Close","Volume","Dividends","Stock Splits"],"index":[1778472000000,1778558400000,1778644800000,1778731200000,1778817600000,1779076800000,1779163200000,1779249600000,1779336000000,1779422400000,1779768000000,1779854400000,1779940800000,1780027200000,1780286400000,1780372800000,1780459200000,1780545600000,1780632000000,1780891200000,1780977600000,1781064000000,1781150400000,1781236800000,1781496000000],"data":[[98.0400009155,98.1500015259,97.8499984741,97.9400024414,0,0.0,0.0],[97.9599990845,98.4599990845,97.9499969482,98.2900009155,0,0.0,0.0],[98.3099975586,98.5999984741,98.2600021362,98.4800033569,0,0.0,0.0],[98.4599990845,98.9100036621,98.4199981689,98.8799972534,0,0.0,0.0],[98.9300003052,99.3199996948,98.9199981689,99.2699966431,0,0.0,0.0],[99.2799987793,99.4100036621,98.9499969482,98.9700012207,0,0.0,0.0],[98.9700012207,99.4300003052,98.9700012207,99.3000030518,0,0.0,0.0],[99.2699966431,99.4700012207,98.9700012207,99.1100006104,0,0.0,0.0],[99.1200027466,99.5199966431,99.0599975586,99.1900024414,0,0.0,0.0],[99.1999969482,99.4100036621,99.1699981689,99.3199996948,0,0.0,0.0],[98.9899978638,99.25,98.9899978638,99.1699981689,0,0.0,0.0],[99.0800018311,99.2600021362,98.9700012207,99.2099990845,0,0.0,0.0],[99.2699966431,99.5400009155,98.9499969482,99.0199966431,0,0.0,0.0],[99.0,99.1900024414,98.75,98.9100036621,0,0.0,0.0],[98.9599990845,99.3899993896,98.9199981689,99.1999969482,0,0.0,0.0],[99.1699981689,99.3300018311,99.0500030518,99.2200012207,0,0.0,0.0],[99.2900009155,99.5500030518,99.1900024414,99.5299987793,0,0.0,0.0],[99.4599990845,99.5299987793,99.1800003052,99.4100036621,0,0.0,0.0],[99.4300003052,100.1100006104,99.1600036621,100.0699996948,0,0.0,0.0],[100.1500015259,100.2099990845,99.8199996948,100.0500030518,0,0.0,0.0],[100.0299987793,100.0800018311,99.6800003052,99.9100036621,0,0.0,0.0],[100.0100021362,100.0500030518,99.7200012207,99.9499969482,0,0.0,0.0],[100.1200027466,100.3099975586,99.5899963379,99.8600006104,0,0.0,0.0],[99.6699981689,99.9100036621,99.6399993896,99.75,0,0.0,0.0],[99.5360031128,99.6039962769,99.3840026855,99.513999939,0,0.0,0.0]]}