{"columns":["Open","High","Low","Close","Volume","Dividends","Stock Splits","Capital Gains"],"index":[1777608000000,1777867200000,1777953600000,1778040000000,1778126400000,1778212800000,1778472000000,1778558400000,1778644800000,1778731200000,1778817600000,1779076800000,1779163200000,1779249600000,1779336000000,1779422400000,1779768000000,1779854400000,1779940800000,1780027200000,1780286400000,1780372800000,1780459200000,1780545600000,1780632000000,1780891200000,1780977600000,1781064000000,1781150400000,1781236800000],"data":[[669.1599731445,675.9699707031,668.799987793,674.1500244141,39172600,0.0,0.0,0.0],[674.6599731445,676.7299804688,668.9000244141,672.8800048828,34542000,0.0,0.0,0.0],[677.9600219727,682.7700195312,677.5100097656,681.6099853516,37101100,0.0,0.0,0.0],[687.7800292969,695.9299926758,686.4799804688,695.7700195312,38778500,0.0,0.0,0.0],[696.5800170898,701.2399902344,691.7700195312,694.9400024414,43779100,0.0,0.0,0.0],[699.9199829102,711.2299804688,699.5,711.2299804688,44320400,0.0,0.0,0.0],[710.3599853516,714.5900268555,708.9099731445,713.2899780273,36019100,0.0,0.0,0.0],[708.2199707031,710.1799926758,696.6400146484,707.2399902344,45873000,0.0,0.0,0.0],[709.9600219727,716.6500244141,704.8300170898,714.7100219727,40012500,0.0,0.0,0.0],[714.6199951172,722.0300292969,714.2199707031,719.7899780273,33327500,0.0,0.0,0.0],[710.1400146484,715.1300048828,705.549987793,708.9299926758,51792700,0.0,0.0,0.0],[711.5399780273,712.0700073242,698.8499755859,705.8800048828,49834500,0.0,0.0,0.0],[699.8099975586,706.4899902344,695.25,701.5300292969,46827500,0.0,0.0,0.0],[705.2899780273,713.1500244141,703.7899780273,713.1500244141,36779200,0.0,0.0,0.0],[708.9899902344,717.1199951172,706.7700195312,714.5100097656,36415400,0.0,0.0,0.0],[718.0700073242,722.1199951172,715.950012207,717.5399780273,33118600,0.0,0.0,0.0],[725.9600219727,731.1699829102,724.1599731445,730.2800292969,34254700,0.0,0.0,0.0],[732.9600219727,733.3200073242,725.4400024414,729.450012207,35148700,0.0,0.0,0.0],[729.7299804688,736.5999755859,726.4099731445,735.5999755859,32840000,0.0,0.0,0.0],[737.8400268555,741.6300048828,735.25,738.3099975586,37541700,0.0,0.0,0.0],[737.0399780273,745.6500244141,735.9899902344,742.7399902344,33890600,0.0,0.0,0.0],[742.4000244141,746.4400024414,739.2299804688,746.1599731445,30085200,0.0,0.0,0.0],[747.3099975586,748.6500244141,741.0100097656,744.2100219727,40270200,0.0,0.0,0.0],[735.4799804688,743.5,732.6199951172,740.6099853516,40782600,0.0,0.0,0.0],[730.0599975586,731.6900024414,704.3200073242,705.0599975586,99606600,0.0,0.0,0.0],[717.8099975586,723.0300292969,713.0700073242,716.0700073242,47401500,0.0,0.0,0.0],[722.9799804688,725.6599731445,686.3699951172,707.8300170898,91932200,0.0,0.0,0.0],[701.6599731445,711.2800292969,692.9299926758,693.6900024414,65334300,0.0,0.0,0.0],[699.2899780273,718.3699951172,695.0,717.1199951172,71798900,0.0,0.0,0.0],[717.6099853516,724.0100097656,711.2800292969,721.3400268555,51168400,0.0,0.0,0.0]]}