{"columns":["Open","High","Low","Close","Volume","Dividends","Stock Splits","Capital Gains"],"index":[1779249600000,1779336000000,1779422400000,1779768000000,1779854400000,1779940800000,1780027200000,1780286400000,1780372800000,1780459200000,1780545600000,1780632000000,1780891200000,1780977600000,1781064000000,1781150400000,1781236800000,1781496000000,1781582400000,1781668800000,1781755200000,1782100800000,1782187200000,1782273600000,1782360000000,1782446400000,1782705600000,1782792000000,1782878400000,1782964800000],"data":[[704.5157692199,712.3671875,703.0174157954,712.3671875,36779200,0.0,0.0,0.0],[708.2116871157,716.3327671784,705.9941534147,713.7256469727,36415400,0.0,0.0,0.0],[717.2817668085,721.3273088449,715.1640988545,716.7523193359,33118600,0.0,0.0,0.0],[725.163128346,730.3673702569,723.3650554496,729.4783935547,34254700,0.0,0.0,0.0],[732.155448806,732.5150390002,724.6436840304,728.6492919922,35148700,0.0,0.0,0.0],[728.9289290609,735.791382732,725.6125662306,734.7924804688,32840000,0.0,0.0,0.0],[737.0300569298,740.8158744778,734.4428732975,737.4995117188,37541700,0.0,0.0,0.0],[736.2309273284,744.8315224448,735.1820921097,741.9246826172,33890600,0.0,0.0,0.0],[741.5850600741,745.6206032444,738.418496022,745.3408813477,30085200,0.0,0.0,0.0],[746.4896389981,747.8281948409,740.1965670084,743.3930664062,40270200,0.0,0.0,0.0],[734.6726235372,742.6838392689,731.8157776715,739.7969970703,40782600,0.0,0.0,0.0],[729.2585667367,730.886782265,703.5468328397,704.2860107422,99606600,0.0,0.0,0.0],[717.0220156926,722.2363170978,712.2872288217,715.2839355469,47401500,0.0,0.0,0.0],[722.1863106333,724.8633612783,685.6165148331,707.0529785156,91932200,0.0,0.0,0.0],[700.8897497709,710.4992458337,692.1693523413,692.928527832,65334300,0.0,0.0,0.0],[698.5223198058,717.5813914618,694.2370511794,716.3327636719,71798900,0.0,0.0,0.0],[716.8222099862,723.215208604,710.4992028084,720.5481567383,51168400,0.0,0.0,0.0],[737.2897407964,743.942464054,736.570560427,743.1832885742,46710200,0.0,0.0,0.0],[741.4351902856,743.4029984407,728.8390476266,729.0587768555,45348700,0.0,0.0,0.0],[734.3829308345,734.872383171,720.0586460709,721.7168579102,51669300,0.0,0.0,0.0],[736.3907780859,741.0057017738,731.7059239217,739.8070068359,50154600,0.0,0.0,0.0],[742.0200195312,745.450012207,734.3900146484,737.950012207,43518600,0.813,0.0,0.0],[715.7399902344,723.6099853516,712.1099853516,713.6500244141,53354200,0.0,0.0,0.0],[715.3699951172,719.9299926758,704.450012207,710.6199951172,52480400,0.0,0.0,0.0],[725.9000244141,726.8300170898,705.299987793,716.3800048828,49668000,0.0,0.0,0.0],[707.1300048828,715.5599975586,702.8099975586,706.5200195312,47081800,0.0,0.0,0.0],[713.9899902344,724.5800170898,705.1699829102,724.0800170898,44939100,0.0,0.0,0.0],[724.1799926758,737.6199951172,723.9099731445,736.4000244141,42121800,0.0,0.0,0.0],[729.1900024414,731.9199829102,724.5999755859,725.1699829102,40803800,0.0,0.0,0.0],[725.5800170898,730.8300170898,707.5599975586,712.5999755859,51086100,0.0,0.0,0.0]]}