{"columns":["Open","High","Low","Close","Volume","Dividends","Stock Splits","Capital Gains"],"index":[1779249600000,1779336000000,1779422400000,1779768000000,1779854400000,1779940800000,1780027200000,1780286400000,1780372800000,1780459200000,1780545600000,1780632000000,1780891200000,1780977600000,1781064000000,1781150400000,1781236800000,1781496000000,1781582400000,1781668800000,1781755200000,1782100800000,1782187200000,1782273600000,1782360000000,1782446400000,1782705600000,1782792000000,1782878400000,1782964800000],"data":[[733.8195334398,739.9636778498,732.0042028263,739.3452758789,45768000,0.0,0.0,0.0],[736.7419902855,742.9559620701,735.1361419849,740.8114624023,43332200,0.0,0.0,0.0],[744.3224328968,747.0155070835,742.5669456972,743.7239990234,41762000,0.0,0.0,0.0],[748.082789236,750.1973368284,746.4469887579,748.661315918,41123600,0.0,0.0,0.0],[748.9505199198,749.449235104,746.2973210479,748.5316162109,42106300,0.0,0.0,0.0],[748.3221518517,753.2095851255,747.3047533704,752.660949707,41562600,0.0,0.0,0.0],[753.9576670104,756.1320579865,752.7507543049,754.5361328125,55075700,0.0,0.0,0.0],[753.418999002,758.3264003156,752.7507376918,756.5908203125,43634900,0.0,0.0,0.0],[755.0847737682,758.4461093853,754.8054640313,757.6182250977,31581900,0.0,0.0,0.0],[756.2018667595,756.8501599793,751.6336185743,752.3018798828,51402500,0.0,0.0,0.0],[750.1673635571,756.3614281257,749.5389775482,755.1445922852,49923000,0.0,0.0,0.0],[750.3768677171,750.8855669656,733.6400171296,735.6547851562,93989400,0.0,0.0,0.0],[741.4498108327,743.4247643242,736.2931129659,737.3204345703,49319100,0.0,0.0,0.0],[741.719175997,744.9807928983,720.7332622187,735.1560668945,87683500,0.0,0.0,0.0],[731.5054857614,736.4826536495,723.4661992814,723.5659179688,60341300,0.0,0.0,0.0],[726.8873842592,738.0984921563,722.5485255148,735.8642578125,86330500,0.0,0.0,0.0],[738.8066884479,742.5270843334,733.1412911201,739.8439941406,57079500,0.0,0.0,0.0],[749.9179969689,754.7356026867,749.8282623277,752.8903808594,60176400,0.0,0.0,0.0],[752.6111046531,753.4988323299,747.9531216783,748.4019775391,67093100,0.0,0.0,0.0],[749.3594421827,750.21727857,737.3204502886,739.0560302734,85945200,0.0,0.0,0.0],[747.7600097656,748.2299804688,743.8599853516,746.7399902344,80875700,1.904,0.0,0.0],[747.700012207,750.1799926758,743.1300048828,744.3900146484,46628100,0.0,0.0,0.0],[733.8099975586,739.6300048828,732.299987793,733.5800170898,66846800,0.0,0.0,0.0],[735.1699829102,739.950012207,730.8400268555,733.2399902344,57439500,0.0,0.0,0.0],[738.9099731445,739.3699951172,729.5999755859,734.299987793,53934400,0.0,0.0,0.0],[728.950012207,736.5300292969,716.5800170898,728.9899902344,71034000,0.0,0.0,0.0],[736.5300292969,741.5599975586,732.0900268555,741.0,58035200,0.0,0.0,0.0],[741.2899780273,748.0200195312,740.8900146484,746.7700195312,55626000,0.0,0.0,0.0],[745.0,749.4400024414,742.3800048828,745.7600097656,47100900,0.0,0.0,0.0],[747.4000244141,751.3099975586,740.0300292969,744.7800292969,57506000,0.0,0.0,0.0]]}