{"columns":["Open","High","Low","Close","Volume","Dividends","Stock Splits","Capital Gains"],"index":[1777608000000,1777867200000,1777953600000,1778040000000,1778126400000,1778212800000,1778472000000,1778558400000,1778644800000,1778731200000,1778817600000,1779076800000,1779163200000,1779249600000,1779336000000,1779422400000,1779768000000,1779854400000,1779940800000,1780027200000,1780286400000,1780372800000,1780459200000,1780545600000,1780632000000,1780891200000,1780977600000,1781064000000,1781150400000,1781236800000],"data":[[721.25,724.8699951172,720.4699707031,720.6500244141,43049800,0.0,0.0,0.0],[720.0700073242,722.1199951172,714.9899902344,718.0100097656,51950600,0.0,0.0,0.0],[721.7700195312,725.0399780273,721.4899902344,723.7700195312,36933200,0.0,0.0,0.0],[728.1599731445,734.5900268555,727.8200073242,733.8300170898,53288900,0.0,0.0,0.0],[735.049987793,736.1300048828,729.75,731.5800170898,51724600,0.0,0.0,0.0],[734.9299926758,738.0800170898,734.5700073242,737.6199951172,47227100,0.0,0.0,0.0],[736.450012207,740.7899780273,736.450012207,739.299987793,44024000,0.0,0.0,0.0],[736.8900146484,738.8400268555,731.8300170898,738.1799926758,54185300,0.0,0.0,0.0],[738.4699707031,743.9099731445,735.4699707031,742.3099975586,44200200,0.0,0.0,0.0],[743.6500244141,749.5300292969,743.5599975586,748.1699829102,45307600,0.0,0.0,0.0],[741.7899780273,743.4600219727,737.9600219727,739.1699829102,60410800,0.0,0.0,0.0],[739.8300170898,741.4199829102,733.3900146484,738.6500244141,47843900,0.0,0.0,0.0],[734.7800292969,737.6500244141,731.5300292969,733.7299804688,54255900,0.0,0.0,0.0],[735.7100219727,741.8699951172,733.8900146484,741.25,45768000,0.0,0.0,0.0],[738.6400146484,744.8699951172,737.0300292969,742.7199707031,43332200,0.0,0.0,0.0],[746.2399902344,748.9400024414,744.4799804688,745.6400146484,41762000,0.0,0.0,0.0],[750.0100097656,752.1300048828,748.3699951172,750.5900268555,41123600,0.0,0.0,0.0],[750.8800048828,751.3800048828,748.2199707031,750.4600219727,42106300,0.0,0.0,0.0],[750.25,755.1500244141,749.2299804688,754.5999755859,41562600,0.0,0.0,0.0],[755.9000244141,758.0800170898,754.6900024414,756.4799804688,55075700,0.0,0.0,0.0],[755.3599853516,760.2800292969,754.6900024414,758.5399780273,43634900,0.0,0.0,0.0],[757.0300292969,760.4000244141,756.75,759.5700073242,31581900,0.0,0.0,0.0],[758.1500244141,758.799987793,753.5700073242,754.2399902344,51402500,0.0,0.0,0.0],[752.0999755859,758.3099975586,751.4699707031,757.0900268555,49923000,0.0,0.0,0.0],[752.3099975586,752.8200073242,735.5300292969,737.549987793,93989400,0.0,0.0,0.0],[743.3599853516,745.3400268555,738.1900024414,739.2199707031,49319100,0.0,0.0,0.0],[743.6300048828,746.9000244141,722.5900268555,737.049987793,87683500,0.0,0.0,0.0],[733.3900146484,738.3800048828,725.3300170898,725.4299926758,60341300,0.0,0.0,0.0],[728.7600097656,740.0,724.4099731445,737.7600097656,86330500,0.0,0.0,0.0],[740.7100219727,744.4400024414,735.0300292969,741.75,56939800,0.0,0.0,0.0]]}