{"columns":["Open","High","Low","Close","Volume","Dividends","Stock Splits"],"index":[1777870800000,1777957200000,1778043600000,1778130000000,1778216400000,1778475600000,1778562000000,1778648400000,1778734800000,1778821200000,1779080400000,1779166800000,1779253200000,1779339600000,1779426000000,1779771600000,1779858000000,1779944400000,1780030800000,1780290000000,1780376400000,1780462800000,1780549200000,1780635600000,1780894800000,1780981200000,1781067600000,1781154000000,1781240400000],"data":[[4.4000000954,4.4640002251,4.3899998665,4.4460000992,0,0.0,0.0],[4.4260001183,4.4299998283,4.4060001373,4.4159998894,0,0.0,0.0],[4.3660001755,4.3720002174,4.3480000496,4.3559999466,0,0.0,0.0],[4.3340001106,4.3959999084,4.3140001297,4.3920001984,0,0.0,0.0],[4.3720002174,4.3880000114,4.3460001945,4.3639998436,0,0.0,0.0],[4.3920001984,4.4099998474,4.3779997826,4.4099998474,0,0.0,0.0],[4.4369997978,4.4670000076,4.4229998589,4.4629998207,0,0.0,0.0],[4.4650001526,4.5,4.4609999657,4.4809999466,0,0.0,0.0],[4.4390001297,4.4609999657,4.4359998703,4.4609999657,0,0.0,0.0],[4.5479998589,4.5989999771,4.5460000038,4.5949997902,0,0.0,0.0],[4.5989999771,4.626999855,4.5640001297,4.623000145,0,0.0,0.0],[4.617000103,4.6869997978,4.6129999161,4.6669998169,0,0.0,0.0],[4.6430001259,4.6589999199,4.5659999847,4.5720000267,0,0.0,0.0],[4.609000206,4.6350002289,4.5539999008,4.5859999657,0,0.0,0.0],[4.5419998169,4.5859999657,4.5279998779,4.5580000877,0,0.0,0.0],[4.4889998436,4.5120000839,4.4790000916,4.4930000305,0,0.0,0.0],[4.4710001945,4.4889998436,4.4489998817,4.4809999466,0,0.0,0.0],[4.507999897,4.5100002289,4.4369997978,4.4549999237,0,0.0,0.0],[4.4409999847,4.4569997787,4.4260001183,4.4530000687,0,0.0,0.0],[4.4569997787,4.515999794,4.4450001717,4.4749999046,0,0.0,0.0],[4.4299998283,4.4629998207,4.4279999733,4.4549999237,0,0.0,0.0],[4.4850001335,4.5029997826,4.4749999046,4.4910001755,0,0.0,0.0],[4.4569997787,4.4790000916,4.4489998817,4.4770002365,0,0.0,0.0],[4.4670000076,4.5539999008,4.4650001526,4.5359997749,0,0.0,0.0],[4.5399999619,4.5580000877,4.515999794,4.5520000458,0,0.0,0.0],[4.5460000038,4.5560002327,4.5199999809,4.5279998779,0,0.0,0.0],[4.5339999199,4.5599999428,4.5130000114,4.5419998169,0,0.0,0.0],[4.5209999084,4.5500001907,4.4569997787,4.4629998207,0,0.0,0.0],[4.4730000496,4.5069999695,4.4689998627,4.4869999886,0,0.0,0.0]]}