{"columns":["Open","High","Low","Close","Volume","Dividends","Stock Splits"],"index":[1779253200000,1779339600000,1779426000000,1779771600000,1779858000000,1779944400000,1780030800000,1780290000000,1780376400000,1780462800000,1780549200000,1780635600000,1780894800000,1780981200000,1781067600000,1781154000000,1781240400000,1781499600000,1781586000000,1781672400000,1781758800000,1782104400000,1782190800000,1782277200000,1782363600000,1782450000000],"data":[[4.6430001259,4.6589999199,4.5659999847,4.5720000267,0,0.0,0.0],[4.609000206,4.6350002289,4.5539999008,4.5859999657,0,0.0,0.0],[4.5419998169,4.5859999657,4.5279998779,4.5580000877,0,0.0,0.0],[4.4889998436,4.5120000839,4.4790000916,4.4930000305,0,0.0,0.0],[4.4710001945,4.4889998436,4.4489998817,4.4809999466,0,0.0,0.0],[4.507999897,4.5100002289,4.4369997978,4.4549999237,0,0.0,0.0],[4.4409999847,4.4569997787,4.4260001183,4.4530000687,0,0.0,0.0],[4.4569997787,4.515999794,4.4450001717,4.4749999046,0,0.0,0.0],[4.4299998283,4.4629998207,4.4279999733,4.4549999237,0,0.0,0.0],[4.4850001335,4.5029997826,4.4749999046,4.4910001755,0,0.0,0.0],[4.4569997787,4.4790000916,4.4489998817,4.4770002365,0,0.0,0.0],[4.4670000076,4.5539999008,4.4650001526,4.5359997749,0,0.0,0.0],[4.5399999619,4.5580000877,4.515999794,4.5520000458,0,0.0,0.0],[4.5460000038,4.5560002327,4.5199999809,4.5279998779,0,0.0,0.0],[4.5339999199,4.5599999428,4.5130000114,4.5419998169,0,0.0,0.0],[4.5209999084,4.5500001907,4.4569997787,4.4629998207,0,0.0,0.0],[4.4730000496,4.5069999695,4.4689998627,4.4869999886,0,0.0,0.0],[4.4549999237,4.4730000496,4.4409999847,4.4689998627,0,0.0,0.0],[4.4429998398,4.4590001106,4.4200000763,4.4279999733,0,0.0,0.0],[4.4429998398,4.4790000916,4.4260001183,4.4629998207,0,0.0,0.0],[4.4530000687,4.4530000687,4.4200000763,4.4510002136,0,0.0,0.0],[4.4949998856,4.5149998665,4.4809999466,4.5089998245,0,0.0,0.0],[4.4869999886,4.4970002174,4.4770002365,4.4930000305,0,0.0,0.0],[4.4530000687,4.4549999237,4.3979997635,4.4019999504,0,0.0,0.0],[4.4120001793,4.4140000343,4.3629999161,4.3920001984,0,0.0,0.0],[4.3880000114,4.4099998474,4.367000103,4.3720002174,0,0.0,0.0]]}