{"columns":["Open","High","Low","Close","Volume","Dividends","Stock Splits"],"index":[1779685200000,1779771600000,1779858000000,1779944400000,1780030800000,1780290000000,1780376400000,1780462800000,1780549200000,1780635600000,1780894800000,1780981200000,1781067600000,1781154000000,1781240400000,1781499600000,1781586000000,1781672400000,1781758800000,1782104400000,1782190800000,1782277200000,1782363600000,1782450000000,1782709200000,1782795600000,1782882000000,1782968400000,1783054800000],"data":[[16.8099994659,16.8700008392,16.5300006866,16.5900001526,0,0.0,0.0],[16.9200000763,17.2299995422,16.5599994659,17.0100002289,0,0.0,0.0],[17.0100002289,17.1800003052,16.2900009155,16.2900009155,0,0.0,0.0],[16.7600002289,16.8500003815,15.6099996567,15.7399997711,0,0.0,0.0],[15.8100004196,15.8800001144,15.220000267,15.3199996948,0,0.0,0.0],[15.8800001144,16.3400001526,15.7100000381,16.0499992371,0,0.0,0.0],[16.2800006866,16.2900009155,15.7100000381,15.7700004578,0,0.0,0.0],[15.970000267,16.6299991608,15.9399995804,16.0599994659,0,0.0,0.0],[16.3299999237,16.7999992371,15.1800003052,15.3999996185,0,0.0,0.0],[15.8699998856,21.5699996948,15.5600004196,21.5100002289,0,0.0,0.0],[20.2900009155,20.3500003815,17.9400005341,18.9200000763,0,0.0,0.0],[18.1900005341,23.3400001526,17.5200004578,19.8700008392,0,0.0,0.0],[20.1000003815,22.6599998474,20.0599994659,22.2199993134,0,0.0,0.0],[21.25,22.5900001526,19.3600006104,19.4400005341,0,0.0,0.0],[19.5100002289,19.8500003815,17.5900001526,17.6800003052,0,0.0,0.0],[16.7800006866,16.8500003815,15.9799995422,16.2000007629,0,0.0,0.0],[16.2000007629,16.4400005341,15.7700004578,16.4099998474,0,0.0,0.0],[16.0799999237,18.8400001526,16.0200004578,18.4400005341,0,0.0,0.0],[17.2299995422,17.6000003815,16.3500003815,16.3999996185,0,0.0,0.0],[17.4799995422,17.9200000763,16.4899997711,17.2800006866,0,0.0,0.0],[19.6700000763,20.5400009155,18.6100006104,19.4899997711,0,0.0,0.0],[19.1299991608,20.3400001526,18.0400009155,18.6299991608,0,0.0,0.0],[18.1100006104,19.9500007629,17.7199993134,18.8899993896,0,0.0,0.0],[19.7000007629,20.7199993134,18.2000007629,18.4099998474,0,0.0,0.0],[18.6000003815,19.4500007629,17.4899997711,17.6499996185,0,0.0,0.0],[17.5400009155,17.75,16.2700004578,16.4500007629,0,0.0,0.0],[17.1100006104,17.2999992371,15.970000267,16.5900001526,0,0.0,0.0],[17.0499992371,17.2099990845,15.7899999619,16.1499996185,0,0.0,0.0],[15.779999733,16.0100002289,15.75,15.8100004196,0,0.0,0.0]]}